book_id,title,authors,genres,description,average_rating,tags
BK0001,The In Ancient,James Garcia & Elena Rodriguez,"Horror, Science Fiction, Literary Fiction","A compelling story about morality set in magical realm, exploring themes of destiny and love.",4.1,"historical, dark, magical, romantic"
BK0002,Beyond of the Forgotten,William Gonzalez,"Crime, Historical Fiction, Horror","In this Crime masterpiece, readers follow the journey of brilliant detective as they navigate forbidden love.",3.8,"page-turner, dark, thought-provoking, emotional"
BK0003,After Lost Storm,Thomas Williams,"Historical Fiction, Adventure","Set against the backdrop of war-torn Europe, this Adventure novel delves into friendship while examining loss.",4.0,"suspenseful, world-building, character-driven, dramatic"
BK0004,The of the Forgotten,John Taylor,Thriller,"In this Thriller masterpiece, readers follow the journey of brilliant detective as they navigate ancient prophecy.",3.1,"dramatic, page-turner, fast-paced, dark"
BK0005,The A Sacred,Sofia Williams & Thomas Davis,Psychological Fiction,"A compelling story about identity set in rural America, exploring themes of family bonds and corruption.",3.9,"epic, dramatic, plot-twists, suspenseful"
BK0006,The The Hidden,Isabella Williams,"Literary Fiction, Contemporary Fiction","A compelling story about hope set in 1920s Paris, exploring themes of corruption and power.",3.8,"funny, action-packed, character-driven, realistic"
BK0007,Through Hidden Gate,Isabella Rodriguez,"Literary Fiction, Science Fiction, Dystopian","A compelling story about survival set in distant galaxy, exploring themes of morality and freedom.",5.0,"romantic, political, mystery, historical, emotional"
BK0008,Beyond Sacred of Path,Isabella Lopez,"Dystopian, Historical Fiction, Thriller","A tragic tale that combines memory with friendship, set in a world of magical realm.",3.3,"emotional, inspiring, magical, fast-paced, atmospheric"
BK0009,The The Bright,Isabella Brown & William Williams,"Mystery, Classic","A suspenseful tale that combines redemption with hope, set in a world of post-apocalyptic Earth.",3.7,"mystery, suspenseful, action-packed, emotional, romantic"
BK0010,In Hidden of Light,Sarah Wilson,"Historical Fiction, Young Adult","A compelling story about destiny set in magical realm, exploring themes of morality and justice.",3.5,"mystery, realistic, romantic, dramatic, world-building"
BK0011,A of the Dark,Joseph Lopez,"Dystopian, Philosophical Fiction, Crime","This Crime work follows brilliant detective through psychological trauma, revealing deep insights about identity.",3.9,"mystery, epic, complex"
BK0012,Through Broken Gate,Richard Wilson & Richard Brown,Philosophical Fiction,"A compelling story about memory set in war-torn Europe, exploring themes of memory and betrayal.",3.2,"action-packed, emotional, page-turner, magical, plot-twists"
BK0013,After Lost of Heart,Charles Gonzalez,"Dystopian, Psychological Fiction, Young Adult","Set against the backdrop of colonial America, this Young Adult novel delves into survival while examining redemption.",4.5,"emotional, mystery, inspiring, atmospheric, political"
BK0014,The Under Silent,James Hernandez & Richard Wilson,"Horror, Literary Fiction, Dystopian","A compelling story about friendship set in cyberpunk metropolis, exploring themes of family bonds and family bonds.",4.7,"page-turner, romantic, mystery"
BK0015,After of the Hidden,David Gonzalez,Contemporary Fiction,"A humorous tale that combines power with redemption, set in a world of medieval Europe.",3.9,"magical, atmospheric, character-driven, romantic, realistic"
BK0016,Through Sacred Journey,David Miller & Michael Brown,"Crime, Young Adult","This Crime work follows complex antihero through global conspiracy, revealing deep insights about truth.",4.3,"historical, complex, action-packed, dark"
BK0017,The Under Hidden,Thomas Lopez & Isabella Rodriguez,Psychological Fiction,"Set against the backdrop of post-apocalyptic Earth, this Psychological Fiction novel delves into power while examining friendship.",4.1,"historical, philosophical, epic, plot-twists"
BK0018,The Lost of Voice,Michael Garcia,"Romance, Fantasy, Young Adult","A humorous tale that combines friendship with redemption, set in a world of contemporary Tokyo.",3.4,"page-turner, dramatic, political, atmospheric"
BK0019,Under Hidden of Song,Elena Lopez & Laura Rodriguez,"Psychological Fiction, Science Fiction","In this Psychological Fiction masterpiece, readers follow the journey of seasoned warrior as they navigate moral dilemmas.",4.1,"political, realistic, historical, action-packed"
BK0020,Under Dark Light,Elizabeth Garcia & John Rodriguez,Contemporary Fiction,"In this Contemporary Fiction masterpiece, readers follow the journey of young prodigy as they navigate family secrets.",3.5,"fast-paced, atmospheric, funny, dramatic"
BK0021,The Under Bright,Anna Thomas,"Fantasy, Horror, Crime","This Horror work follows gifted scientist through supernatural forces, revealing deep insights about memory.",3.6,"mystery, world-building, atmospheric, epic"
BK0022,In of the Sacred,Robert Wilson & Joseph Anderson,"Psychological Fiction, Philosophical Fiction","This Psychological Fiction work follows seasoned warrior through psychological trauma, revealing deep insights about freedom.",4.9,"suspenseful, character-driven, political, funny"
BK0023,A Hidden of Path,David Jones,Classic,"A compelling story about love set in feudal Japan, exploring themes of revenge and friendship.",3.4,"page-turner, inspiring, fast-paced"
BK0024,Through Sacred Song,Laura Garcia & Isabella Johnson,"Classic, Historical Fiction","In this Classic masterpiece, readers follow the journey of unlikely hero as they navigate criminal underworld.",3.2,"historical, character-driven, political"
BK0025,The Sacred Mystery,James Wilson & Elizabeth Williams,Historical Fiction,"This Historical Fiction work follows determined protagonist through mysterious disappearance, revealing deep insights about friendship.",3.5,"emotional, funny, magical"
BK0026,Beyond of the Dark,Laura Williams,"Classic, Romance","This Classic work follows determined protagonist through forbidden love, revealing deep insights about love.",3.8,"atmospheric, inspiring, funny, character-driven, romantic"
BK0027,The Through Lost,Isabella Wilson & Laura Jones,"Fantasy, Literary Fiction, Classic","A compelling story about morality set in 1920s Paris, exploring themes of truth and revenge.",4.9,"philosophical, emotional, action-packed"
BK0028,The A Hidden,Sarah Lopez,"Contemporary Fiction, Thriller, Crime","Set against the backdrop of post-apocalyptic Earth, this Crime novel delves into memory while examining destiny.",4.1,"magical, romantic, mystery"
BK0029,The Hidden Song,Sarah Anderson & William Davis,"Psychological Fiction, Dystopian, Mystery","Set against the backdrop of war-torn Europe, this Dystopian novel delves into survival while examining redemption.",4.3,"realistic, world-building, dark, epic, plot-twists"
BK0030,A Hidden Heart,Emma Williams,"Historical Fiction, Thriller","In this Thriller masterpiece, readers follow the journey of troubled artist as they navigate forbidden love.",4.3,"funny, complex, philosophical, page-turner, thought-provoking"
BK0031,The After Forgotten,Emma Lopez & Anna Taylor,"Literary Fiction, Historical Fiction, Classic","This Historical Fiction work follows determined protagonist through war and peace, revealing deep insights about identity.",3.4,"action-packed, romantic, complex, suspenseful"
BK0032,Under Modern of Journey,David Brown,"Mystery, Thriller","Set against the backdrop of distant galaxy, this Thriller novel delves into hope while examining morality.",3.6,"fast-paced, dark, action-packed"
BK0033,In Hidden Path,Elena Wilson,Contemporary Fiction,"A romantic tale that combines justice with truth, set in a world of modern-day New York.",3.8,"suspenseful, philosophical, realistic"
BK0034,The The Modern,David Miller,"Crime, Political Fiction","Set against the backdrop of 1920s Paris, this Political Fiction novel delves into identity while examining justice.",4.7,"complex, mystery, historical"
BK0035,After Bright of Song,Sofia Garcia & Isabella Garcia,Mystery,"In this Mystery masterpiece, readers follow the journey of mysterious stranger as they navigate criminal underworld.",4.1,"atmospheric, suspenseful, emotional, character-driven"
BK0036,The Through Hidden,Michael Lopez & Isabella Brown,"Contemporary Fiction, Mystery, Romance","In this Mystery masterpiece, readers follow the journey of unlikely hero as they navigate a dangerous quest.",4.2,"suspenseful, epic, fast-paced, funny, action-packed"
BK0037,A Modern of Shadow,Elena Miller & David Thomas,Psychological Fiction,"In this Psychological Fiction masterpiece, readers follow the journey of brilliant detective as they navigate psychological trauma.",3.6,"plot-twists, historical, action-packed"
BK0038,Under Bright of Heart,James Thomas & Sarah Miller,"Thriller, Adventure","Set against the backdrop of magical realm, this Thriller novel delves into identity while examining freedom.",3.6,"page-turner, mystery, action-packed, dark"
BK0039,The After Broken,David Gonzalez & Sofia Lopez,Horror,"A humorous tale that combines corruption with morality, set in a world of medieval Europe.",3.3,"page-turner, mystery, romantic, inspiring, character-driven"
BK0040,Beyond of the Hidden,Emma Johnson & David Lopez,Contemporary Fiction,"A thought-provoking tale that combines memory with freedom, set in a world of contemporary Tokyo.",4.7,"character-driven, realistic, plot-twists, magical, thought-provoking"
BK0041,In Hidden of Path,Sofia Rodriguez,"Literary Fiction, Fantasy, Adventure","Set against the backdrop of cyberpunk metropolis, this Literary Fiction novel delves into destiny while examining identity.",4.4,"emotional, political, page-turner, realistic"
BK0042,The After Bright,Thomas Garcia & Anna Hernandez,"Young Adult, Dystopian","A romantic tale that combines love with betrayal, set in a world of feudal Japan.",3.4,"historical, political, page-turner, epic, action-packed"
BK0043,The Through Modern,Sarah Taylor,"Political Fiction, Horror","This Political Fiction work follows determined protagonist through war and peace, revealing deep insights about redemption.",4.3,"romantic, thought-provoking, mystery, magical, page-turner"
BK0044,A Silent Path,Sofia Anderson & Richard Lopez,"Political Fiction, Mystery, Thriller","A compelling story about friendship set in cyberpunk metropolis, exploring themes of family bonds and family bonds.",3.8,"epic, action-packed, emotional, magical, world-building"
BK0045,After Sacred Secret,Joseph Martinez,Adventure,"In this Adventure masterpiece, readers follow the journey of unlikely hero as they navigate forbidden love.",3.1,"mystery, realistic, political, character-driven, epic"
BK0046,Beyond of the Broken,James Smith,Philosophical Fiction,"A compelling story about survival set in magical realm, exploring themes of destiny and justice.",3.8,"atmospheric, dramatic, action-packed, inspiring"
BK0047,Beyond Silent of Shadow,Emma Martinez & Richard Davis,Fantasy,"In this Fantasy masterpiece, readers follow the journey of troubled artist as they navigate global conspiracy.",3.7,"complex, funny, magical"
BK0048,Through Bright Song,Richard Wilson & Thomas Garcia,"Contemporary Fiction, Political Fiction, Horror","This Horror work follows brilliant detective through personal demons, revealing deep insights about love.",3.3,"epic, magical, realistic"
BK0049,In Modern of Mystery,James Smith,Science Fiction,"A suspenseful tale that combines friendship with identity, set in a world of rural America.",3.5,"atmospheric, romantic, mystery, fast-paced, historical"
BK0050,Under Silent Secret,John Jones,"Crime, Fantasy","A inspirational tale that combines corruption with loss, set in a world of ancient Rome.",4.0,"complex, atmospheric, mystery"
BK0051,After Eternal Secret,Isabella Rodriguez,Historical Fiction,"This Historical Fiction work follows brilliant detective through mysterious disappearance, revealing deep insights about redemption.",3.9,"dark, page-turner, historical, atmospheric"
BK0052,Through Lost Storm,Thomas Johnson & James Lopez,Political Fiction,"A compelling story about loss set in colonial America, exploring themes of redemption and redemption.",4.9,"dark, plot-twists, political, world-building, epic"
BK0053,In Silent Storm,Sofia Smith,"Romance, Young Adult, Thriller","A compelling story about hope set in Victorian London, exploring themes of corruption and corruption.",3.8,"world-building, magical, atmospheric, fast-paced, dramatic"
BK0054,The Through Sacred,Sofia Martinez,"Crime, Horror, Adventure","A compelling story about revenge set in cyberpunk metropolis, exploring themes of identity and redemption.",4.5,"romantic, realistic, thought-provoking"
BK0055,A Silent Light,Elizabeth Smith,"Horror, Classic, Political Fiction","A dark tale that combines loss with survival, set in a world of modern-day New York.",5.0,"character-driven, action-packed, page-turner, suspenseful, plot-twists"
BK0056,The In Lost,Laura Taylor,"Historical Fiction, Horror","A tragic tale that combines power with morality, set in a world of feudal Japan.",3.6,"page-turner, emotional, inspiring"
BK0057,The Beyond Sacred,Isabella Gonzalez & Michael Johnson,"Dystopian, Horror, Mystery","A compelling story about truth set in cyberpunk metropolis, exploring themes of revenge and identity.",3.2,"historical, funny, complex"
BK0058,The of the Lost,Sofia Davis & Maria Hernandez,"Dystopian, Psychological Fiction, Political Fiction","This Political Fiction work follows mysterious stranger through a dangerous quest, revealing deep insights about love.",4.7,"mystery, fast-paced, emotional, dramatic"
BK0059,The of the Dark,Charles Smith,"Historical Fiction, Dystopian, Young Adult","A compelling story about betrayal set in colonial America, exploring themes of revenge and truth.",4.9,"world-building, dark, romantic"
BK0060,A Hidden Song,Elizabeth Johnson,"Science Fiction, Classic","This Science Fiction work follows mysterious stranger through war and peace, revealing deep insights about love.",5.0,"magical, thought-provoking, funny, philosophical, romantic"
BK0061,Under Bright of Shadow,Elena Martinez,"Thriller, Horror, Classic","Set against the backdrop of distant galaxy, this Classic novel delves into hope while examining survival.",4.0,"inspiring, thought-provoking, romantic, political, plot-twists"
BK0062,Through of the Ancient,Robert Gonzalez,"Contemporary Fiction, Crime","A thought-provoking tale that combines morality with power, set in a world of 1920s Paris.",3.9,"romantic, mystery, realistic, philosophical, page-turner"
BK0063,A Bright Song,Laura Smith,"Young Adult, Classic, Fantasy","In this Fantasy masterpiece, readers follow the journey of mysterious stranger as they navigate psychological trauma.",4.8,"political, historical, page-turner"
BK0064,After Modern of Light,Michael Williams,"Fantasy, Classic","In this Fantasy masterpiece, readers follow the journey of seasoned warrior as they navigate war and peace.",3.3,"inspiring, dramatic, romantic"
BK0065,In of the Modern,Robert Taylor & Anna Smith,"Psychological Fiction, Literary Fiction","In this Psychological Fiction masterpiece, readers follow the journey of brilliant detective as they navigate psychological trauma.",3.6,"page-turner, dramatic, world-building"
BK0066,The A Broken,Sofia Wilson & Charles Thomas,"Classic, Philosophical Fiction","A compelling story about loss set in post-apocalyptic Earth, exploring themes of freedom and revenge.",3.4,"realistic, page-turner, magical, suspenseful"
BK0067,Beyond Hidden of Song,Elizabeth Thomas & John Taylor,"Historical Fiction, Romance","A compelling story about hope set in contemporary Tokyo, exploring themes of destiny and destiny.",5.0,"complex, world-building, emotional"
BK0068,In Hidden of Song,Charles Johnson,"Thriller, Philosophical Fiction, Science Fiction","This Philosophical Fiction work follows determined protagonist through ancient prophecy, revealing deep insights about friendship.",3.1,"character-driven, fast-paced, historical"
BK0069,The Lost Heart,David Johnson & Elena Thomas,"Young Adult, Historical Fiction","A gripping tale that combines corruption with betrayal, set in a world of post-apocalyptic Earth.",3.7,"magical, inspiring, plot-twists"
BK0070,The Beyond Modern,Elena Jones & David Jones,Romance,"A suspenseful tale that combines identity with revenge, set in a world of ancient Rome.",4.0,"philosophical, thought-provoking, funny, atmospheric, emotional"
BK0071,The After Sacred,Joseph Lopez,"Fantasy, Classic","In this Classic masterpiece, readers follow the journey of brilliant detective as they navigate criminal underworld.",3.1,"dark, mystery, suspenseful"
BK0072,Under Eternal of Dream,John Jones & Charles Anderson,"Adventure, Dystopian","A compelling story about friendship set in ancient Rome, exploring themes of morality and revenge.",4.9,"mystery, suspenseful, world-building, political"
BK0073,Beyond Sacred Heart,William Williams & Emma Miller,Fantasy,"In this Fantasy masterpiece, readers follow the journey of young prodigy as they navigate family secrets.",4.5,"suspenseful, page-turner, fast-paced, thought-provoking, character-driven"
BK0074,A of the Silent,John Gonzalez & James Lopez,Science Fiction,"This Science Fiction work follows complex antihero through moral dilemmas, revealing deep insights about redemption.",4.5,"epic, philosophical, dramatic, complex"
BK0075,Through Sacred of Heart,Charles Miller & Michael Williams,"Literary Fiction, Contemporary Fiction, Fantasy","A tragic tale that combines redemption with friendship, set in a world of dystopian future.",4.3,"romantic, action-packed, fast-paced, plot-twists, suspenseful"
BK0076,A Bright of Path,William Garcia & John Smith,Adventure,"In this Adventure masterpiece, readers follow the journey of determined protagonist as they navigate mysterious disappearance.",4.8,"historical, epic, realistic, funny"
BK0077,In Eternal Journey,Isabella Brown & Emma Miller,"Political Fiction, Philosophical Fiction","Set against the backdrop of magical realm, this Political Fiction novel delves into betrayal while examining memory.",3.9,"political, suspenseful, page-turner, romantic"
BK0078,A Eternal Song,Maria Jones,"Fantasy, Political Fiction","Set against the backdrop of feudal Japan, this Political Fiction novel delves into justice while examining power.",4.3,"world-building, dramatic, dark"
BK0079,A Dark Journey,David Davis & Elizabeth Rodriguez,"Young Adult, Political Fiction, Philosophical Fiction","In this Political Fiction masterpiece, readers follow the journey of complex antihero as they navigate forbidden love.",3.1,"inspiring, dark, fast-paced, magical, action-packed"
BK0080,Under Modern of Storm,Richard Davis,Contemporary Fiction,"A compelling story about hope set in post-apocalyptic Earth, exploring themes of survival and destiny.",3.9,"page-turner, funny, world-building, philosophical"
BK0081,In Forgotten of Dream,Robert Jones & Michael Martinez,"Mystery, Political Fiction, Literary Fiction","This Mystery work follows unlikely hero through ancient prophecy, revealing deep insights about destiny.",4.1,"historical, dramatic, mystery, action-packed, character-driven"
BK0082,Through of the Eternal,Sofia Gonzalez & Isabella Hernandez,Psychological Fiction,"In this Psychological Fiction masterpiece, readers follow the journey of mysterious stranger as they navigate war and peace.",3.6,"philosophical, emotional, magical, dramatic, funny"
BK0083,The Beyond Eternal,John Anderson & Elena Hernandez,"Literary Fiction, Romance, Crime","A compelling story about identity set in war-torn Europe, exploring themes of revenge and betrayal.",4.0,"atmospheric, suspenseful, page-turner, dramatic"
BK0084,After Ancient Dream,Emma Garcia & Isabella Rodriguez,"Historical Fiction, Horror, Young Adult","In this Horror masterpiece, readers follow the journey of seasoned warrior as they navigate global conspiracy.",4.7,"thought-provoking, atmospheric, inspiring"
BK0085,Under Broken of Light,Thomas Davis & Michael Brown,Thriller,"Set against the backdrop of war-torn Europe, this Thriller novel delves into redemption while examining loss.",3.9,"complex, thought-provoking, suspenseful, funny"
BK0086,After Lost of Song,Joseph Davis,"Crime, Classic, Philosophical Fiction","A compelling story about family bonds set in cyberpunk metropolis, exploring themes of destiny and love.",3.1,"world-building, political, thought-provoking"
BK0087,The Sacred Shadow,David Garcia & Joseph Miller,"Political Fiction, Philosophical Fiction","Set against the backdrop of contemporary Tokyo, this Political Fiction novel delves into identity while examining corruption.",4.3,"mystery, plot-twists, inspiring"
BK0088,Through Forgotten of Journey,Thomas Hernandez & Isabella Martinez,"Fantasy, Romance, Classic","A suspenseful tale that combines love with power, set in a world of modern-day New York.",4.0,"page-turner, complex, atmospheric"
BK0089,Beyond Ancient of Light,Elena Taylor,Psychological Fiction,"A compelling story about family bonds set in dystopian future, exploring themes of friendship and freedom.",3.6,"inspiring, dark, emotional, dramatic, realistic"
BK0090,In of the Eternal,Michael Brown,"Adventure, Dystopian","A compelling story about friendship set in ancient Rome, exploring themes of destiny and redemption.",3.8,"funny, inspiring, action-packed, atmospheric"
BK0091,The Sacred Heart,James Smith & David Brown,"Horror, Science Fiction","In this Horror masterpiece, readers follow the journey of young prodigy as they navigate war and peace.",3.4,"atmospheric, plot-twists, complex, inspiring"
BK0092,Under Bright Path,Thomas Williams & William Rodriguez,"Crime, Mystery, Science Fiction","This Science Fiction work follows complex antihero through war and peace, revealing deep insights about loss.",4.0,"action-packed, thought-provoking, character-driven, world-building"
BK0093,The Bright Secret,Thomas Rodriguez & Thomas Brown,Adventure,"A heartwarming tale that combines memory with destiny, set in a world of dystopian future.",3.7,"realistic, epic, action-packed, plot-twists"
BK0094,The A Eternal,Michael Brown & Robert Hernandez,"Romance, Thriller","Set against the backdrop of distant galaxy, this Thriller novel delves into truth while examining identity.",4.3,"character-driven, funny, historical"
BK0095,Through Broken Song,William Taylor,"Historical Fiction, Mystery","A compelling story about destiny set in cyberpunk metropolis, exploring themes of betrayal and justice.",4.0,"funny, magical, character-driven, emotional, world-building"
BK0096,In Forgotten of Light,Robert Rodriguez,"Dystopian, Philosophical Fiction, Horror","In this Horror masterpiece, readers follow the journey of complex antihero as they navigate supernatural forces.",4.6,"dramatic, mystery, plot-twists, emotional"
BK0097,The of the Ancient,Sarah Gonzalez & Emma Davis,"Fantasy, Historical Fiction, Contemporary Fiction","A humorous tale that combines morality with survival, set in a world of war-torn Europe.",3.6,"page-turner, emotional, historical"
BK0098,A Forgotten Dream,Robert Rodriguez,Horror,"A compelling story about memory set in dystopian future, exploring themes of family bonds and friendship.",4.5,"suspenseful, character-driven, funny"
BK0099,A Eternal of Shadow,Isabella Thomas & Sofia Lopez,"Science Fiction, Adventure, Philosophical Fiction","In this Science Fiction masterpiece, readers follow the journey of young prodigy as they navigate supernatural forces.",4.9,"character-driven, thought-provoking, dramatic"
BK0100,The Under Sacred,Maria Brown,Psychological Fiction,"A magical tale that combines loss with memory, set in a world of feudal Japan.",3.4,"suspenseful, political, mystery"
BK0101,A of the Hidden,Michael Wilson,Adventure,"A tragic tale that combines family bonds with freedom, set in a world of distant galaxy.",4.0,"emotional, romantic, realistic, atmospheric, inspiring"
BK0102,The Forgotten Secret,Charles Johnson,Dystopian,"Set against the backdrop of ancient Rome, this Dystopian novel delves into redemption while examining power.",4.5,"atmospheric, thought-provoking, character-driven, epic, mystery"
BK0103,Through Dark of Mystery,Joseph Hernandez,"Adventure, Psychological Fiction","A compelling story about power set in Victorian London, exploring themes of identity and friendship.",3.5,"dark, inspiring, atmospheric"
BK0104,The of the Silent,Elizabeth Garcia,Fantasy,"A compelling story about freedom set in ancient Rome, exploring themes of morality and freedom.",3.2,"emotional, dark, funny, plot-twists, character-driven"
BK0105,After Sacred Heart,Sarah Miller,"Psychological Fiction, Adventure","This Adventure work follows brilliant detective through moral dilemmas, revealing deep insights about friendship.",4.2,"thought-provoking, inspiring, complex, realistic"
BK0106,Beyond Dark of Secret,Richard Thomas,"Thriller, Adventure","In this Thriller masterpiece, readers follow the journey of brilliant detective as they navigate psychological trauma.",5.0,"epic, action-packed, plot-twists"
BK0107,Beyond Silent of Storm,Thomas Wilson & William Johnson,"Contemporary Fiction, Political Fiction","This Political Fiction work follows unlikely hero through moral dilemmas, revealing deep insights about family bonds.",4.8,"magical, world-building, action-packed"
BK0108,The In Dark,David Wilson,"Young Adult, Fantasy","This Fantasy work follows gifted scientist through family secrets, revealing deep insights about corruption.",4.2,"dark, realistic, thought-provoking, complex"
BK0109,Under Dark Heart,David Rodriguez & Robert Miller,Literary Fiction,"In this Literary Fiction masterpiece, readers follow the journey of gifted scientist as they navigate family secrets.",4.5,"inspiring, funny, mystery"
BK0110,The In Forgotten,Isabella Lopez,"Literary Fiction, Historical Fiction, Contemporary Fiction","A suspenseful tale that combines hope with friendship, set in a world of rural America.",5.0,"magical, funny, realistic, romantic, page-turner"
BK0111,Through Bright of Mystery,Sofia Rodriguez,"Political Fiction, Thriller, Mystery","Set against the backdrop of modern-day New York, this Thriller novel delves into survival while examining loss.",4.4,"magical, philosophical, realistic"
BK0112,The Bright of Journey,David Hernandez & William Davis,"Mystery, Literary Fiction, Classic","Set against the backdrop of cyberpunk metropolis, this Classic novel delves into destiny while examining justice.",4.3,"page-turner, epic, fast-paced"
BK0113,After Forgotten of Journey,Isabella Anderson,Classic,"Set against the backdrop of rural America, this Classic novel delves into survival while examining justice.",4.6,"realistic, plot-twists, action-packed, dramatic"
BK0114,Beyond of the Sacred,Laura Davis & Michael Hernandez,"Political Fiction, Dystopian","A compelling story about revenge set in 1920s Paris, exploring themes of family bonds and betrayal.",4.7,"dark, plot-twists, political, funny, action-packed"
BK0115,The Under Eternal,Thomas Thomas & Richard Lopez,"Historical Fiction, Mystery","A compelling story about destiny set in Victorian London, exploring themes of redemption and redemption.",3.7,"magical, epic, mystery, complex, funny"
BK0116,Through Forgotten of Song,Maria Taylor,"Adventure, Romance, Dystopian","A dark tale that combines betrayal with love, set in a world of colonial America.",3.0,"atmospheric, funny, epic, character-driven"
BK0117,The Eternal Dream,Charles Brown & John Gonzalez,Crime,"Set against the backdrop of feudal Japan, this Crime novel delves into revenge while examining freedom.",3.0,"page-turner, inspiring, world-building, dramatic, dark"
BK0118,After Eternal Gate,Charles Brown & Sofia Hernandez,Young Adult,"Set against the backdrop of magical realm, this Young Adult novel delves into truth while examining destiny.",4.6,"world-building, fast-paced, philosophical, emotional, plot-twists"
BK0119,A Eternal Gate,Anna Smith,Dystopian,"A compelling story about survival set in magical realm, exploring themes of corruption and revenge.",3.3,"character-driven, magical, historical, page-turner"
BK0120,Through of the Lost,Richard Williams,"Young Adult, Crime","A thought-provoking tale that combines identity with justice, set in a world of 1920s Paris.",4.3,"romantic, action-packed, inspiring, emotional"
BK0121,The Under Lost,Elizabeth Jones,"Psychological Fiction, Horror","A thought-provoking tale that combines morality with redemption, set in a world of feudal Japan.",4.6,"epic, realistic, atmospheric, romantic"
BK0122,A Hidden of Voice,Sofia Williams & Thomas Miller,"Fantasy, Crime, Horror","This Crime work follows young prodigy through psychological trauma, revealing deep insights about friendship.",4.1,"epic, political, dark, historical, dramatic"
BK0123,The Beyond Dark,John Davis & Charles Williams,"Psychological Fiction, Fantasy","In this Fantasy masterpiece, readers follow the journey of gifted scientist as they navigate a dangerous quest.",4.9,"historical, emotional, world-building, magical"
BK0124,The Lost Shadow,Maria Garcia & John Johnson,"Classic, Adventure","In this Adventure masterpiece, readers follow the journey of brilliant detective as they navigate psychological trauma.",3.8,"dark, character-driven, complex, mystery, emotional"
BK0125,Under Ancient of Secret,John Brown,"Adventure, Thriller","A romantic tale that combines destiny with identity, set in a world of magical realm.",4.8,"page-turner, dramatic, dark, political, mystery"
BK0126,The Forgotten of Mystery,Joseph Rodriguez & Elizabeth Anderson,"Mystery, Young Adult","Set against the backdrop of Victorian London, this Mystery novel delves into power while examining betrayal.",3.4,"world-building, philosophical, complex"
BK0127,In Forgotten Gate,James Hernandez,"Adventure, Literary Fiction, Young Adult","A compelling story about power set in post-apocalyptic Earth, exploring themes of identity and identity.",3.9,"realistic, plot-twists, dark, complex, magical"
BK0128,Beyond Forgotten of Voice,Anna Miller,"Political Fiction, Contemporary Fiction, Classic","A suspenseful tale that combines betrayal with justice, set in a world of cyberpunk metropolis.",3.6,"fast-paced, magical, suspenseful, romantic, complex"
BK0129,Under Forgotten of Heart,James Gonzalez,Political Fiction,"A humorous tale that combines justice with family bonds, set in a world of contemporary Tokyo.",4.6,"funny, philosophical, world-building, historical, dark"
BK0130,After Dark Voice,Emma Johnson,"Crime, Psychological Fiction, Romance","In this Crime masterpiece, readers follow the journey of gifted scientist as they navigate war and peace.",3.5,"thought-provoking, dramatic, magical, fast-paced"
BK0131,A Lost of Gate,David Thomas & Maria Jones,"Historical Fiction, Literary Fiction","In this Literary Fiction masterpiece, readers follow the journey of seasoned warrior as they navigate supernatural forces.",3.8,"political, magical, funny, atmospheric, character-driven"
BK0132,In of the Forgotten,Elena Wilson & John Anderson,Psychological Fiction,"This Psychological Fiction work follows determined protagonist through psychological trauma, revealing deep insights about survival.",4.4,"complex, mystery, plot-twists, magical"
BK0133,After of the Lost,Joseph Johnson,Young Adult,"In this Young Adult masterpiece, readers follow the journey of unlikely hero as they navigate ancient prophecy.",3.7,"fast-paced, suspenseful, funny"
BK0134,Beyond Bright of Shadow,Maria Miller,"Psychological Fiction, Philosophical Fiction","In this Philosophical Fiction masterpiece, readers follow the journey of complex antihero as they navigate global conspiracy.",3.2,"epic, romantic, magical, philosophical, emotional"
BK0135,Beyond Broken of Journey,John Rodriguez,Fantasy,"This Fantasy work follows young prodigy through mysterious disappearance, revealing deep insights about loss.",3.6,"thought-provoking, page-turner, complex, world-building, inspiring"
BK0136,Under Broken Mystery,Elena Wilson,"Young Adult, Adventure","A compelling story about survival set in post-apocalyptic Earth, exploring themes of freedom and survival.",3.6,"funny, mystery, realistic, atmospheric"
BK0137,Under Forgotten Dream,David Anderson & Richard Lopez,Literary Fiction,"A compelling story about truth set in colonial America, exploring themes of memory and destiny.",4.9,"dramatic, fast-paced, plot-twists, atmospheric, thought-provoking"
BK0138,After of the Forgotten,Richard Jones & James Jones,Science Fiction,"A romantic tale that combines love with justice, set in a world of feudal Japan.",4.3,"political, world-building, character-driven, historical, philosophical"
BK0139,Through Ancient of Journey,Charles Brown,"Horror, Philosophical Fiction","In this Philosophical Fiction masterpiece, readers follow the journey of young prodigy as they navigate mysterious disappearance.",3.4,"inspiring, epic, thought-provoking, mystery, philosophical"
BK0140,Under Ancient of Voice,Sarah Thomas & Joseph Jones,"Fantasy, Historical Fiction","In this Historical Fiction masterpiece, readers follow the journey of complex antihero as they navigate forbidden love.",4.2,"realistic, plot-twists, thought-provoking, mystery, suspenseful"
BK0141,After Forgotten of Mystery,Emma Martinez & Thomas Garcia,"Psychological Fiction, Crime, Young Adult","In this Young Adult masterpiece, readers follow the journey of complex antihero as they navigate personal demons.",4.3,"suspenseful, action-packed, historical, mystery"
BK0142,The Sacred of Light,Sarah Williams,"Romance, Psychological Fiction, Young Adult","A compelling story about destiny set in post-apocalyptic Earth, exploring themes of revenge and friendship.",5.0,"magical, character-driven, fast-paced, epic, romantic"
BK0143,A Bright of Song,James Brown,"Fantasy, Historical Fiction, Science Fiction","This Fantasy work follows brilliant detective through criminal underworld, revealing deep insights about loss.",4.0,"suspenseful, realistic, dark, fast-paced, emotional"
BK0144,Beyond Sacred of Song,Isabella Taylor,"Psychological Fiction, Dystopian, Young Adult","A compelling story about destiny set in contemporary Tokyo, exploring themes of identity and revenge.",3.7,"realistic, political, magical, plot-twists"
BK0145,The Sacred Light,Joseph Brown,"Thriller, Romance, Mystery","A thought-provoking tale that combines family bonds with loss, set in a world of colonial America.",4.3,"political, fast-paced, historical, realistic, page-turner"
BK0146,After Eternal of Song,Elena Anderson & John Anderson,"Classic, Literary Fiction","In this Literary Fiction masterpiece, readers follow the journey of brilliant detective as they navigate societal expectations.",4.9,"dark, suspenseful, fast-paced"
BK0147,Beyond Ancient of Voice,Isabella Smith & Laura Johnson,Crime,"In this Crime masterpiece, readers follow the journey of mysterious stranger as they navigate societal expectations.",3.2,"philosophical, romantic, historical"
BK0148,The Silent Path,Isabella Johnson,"Mystery, Political Fiction, Thriller","This Mystery work follows young prodigy through societal expectations, revealing deep insights about destiny.",4.7,"emotional, atmospheric, inspiring, historical"
BK0149,In of the Lost,Isabella Thomas & John Williams,"Adventure, Political Fiction","A compelling story about corruption set in magical realm, exploring themes of morality and corruption.",3.5,"complex, plot-twists, emotional, philosophical, historical"
BK0150,The Dark Voice,William Wilson,"Science Fiction, Philosophical Fiction, Thriller","Set against the backdrop of distant galaxy, this Thriller novel delves into revenge while examining love.",4.3,"political, thought-provoking, world-building, action-packed"
BK0151,After Eternal Shadow,David Garcia,"Literary Fiction, Horror","In this Literary Fiction masterpiece, readers follow the journey of determined protagonist as they navigate mysterious disappearance.",4.4,"suspenseful, inspiring, page-turner"
BK0152,A Dark Gate,Richard Johnson,"Political Fiction, Thriller, Philosophical Fiction","In this Thriller masterpiece, readers follow the journey of complex antihero as they navigate war and peace.",3.3,"complex, page-turner, dramatic, romantic, political"
BK0153,Through Eternal Voice,Maria Jones & Laura Thomas,"Contemporary Fiction, Classic","A compelling story about justice set in cyberpunk metropolis, exploring themes of betrayal and love.",4.1,"historical, plot-twists, atmospheric, dark"
BK0154,After Broken of Storm,Elizabeth Smith & Sarah Smith,"Crime, Thriller, Political Fiction","A thought-provoking tale that combines betrayal with corruption, set in a world of feudal Japan.",4.6,"action-packed, mystery, magical, thought-provoking"
BK0155,In Ancient Storm,Laura Brown & David Johnson,"Horror, Romance","This Horror work follows troubled artist through personal demons, revealing deep insights about destiny.",4.9,"romantic, page-turner, dark"
BK0156,The of the Broken,John Garcia & Isabella Smith,"Crime, Thriller","A suspenseful tale that combines power with friendship, set in a world of magical realm.",3.4,"funny, complex, world-building, page-turner, fast-paced"
BK0157,Through Forgotten of Mystery,Laura Hernandez,"Dystopian, Mystery, Political Fiction","In this Political Fiction masterpiece, readers follow the journey of unlikely hero as they navigate ancient prophecy.",4.6,"romantic, world-building, atmospheric, political"
BK0158,A of the Sacred,Joseph Garcia,Adventure,"Set against the backdrop of dystopian future, this Adventure novel delves into destiny while examining memory.",3.7,"philosophical, historical, thought-provoking, atmospheric, suspenseful"
BK0159,The Modern Journey,David Martinez & Charles Anderson,Young Adult,"In this Young Adult masterpiece, readers follow the journey of gifted scientist as they navigate mysterious disappearance.",3.6,"mystery, action-packed, emotional, funny, dramatic"
BK0160,Through of the Forgotten,Sofia Davis & Sarah Hernandez,"Psychological Fiction, Adventure, Contemporary Fiction","In this Psychological Fiction masterpiece, readers follow the journey of brilliant detective as they navigate criminal underworld.",4.3,"fast-paced, dramatic, complex"
BK0161,After of the Eternal,David Johnson,"Young Adult, Horror","A humorous tale that combines betrayal with friendship, set in a world of medieval Europe.",3.3,"dark, suspenseful, political, magical"
BK0162,Under Hidden of Voice,Charles Williams & Charles Williams,"Classic, Literary Fiction, Horror","A gripping tale that combines justice with freedom, set in a world of ancient Rome.",3.8,"atmospheric, romantic, page-turner"
BK0163,The The Ancient,James Taylor,Mystery,"A compelling story about power set in dystopian future, exploring themes of hope and revenge.",3.6,"romantic, plot-twists, page-turner, philosophical"
BK0164,The Beyond Silent,Robert Smith & James Gonzalez,"Adventure, Dystopian, Mystery","A compelling story about revenge set in rural America, exploring themes of justice and revenge.",4.1,"historical, philosophical, character-driven"
BK0165,The Under Dark,Joseph Wilson & Sofia Hernandez,Classic,"A heartwarming tale that combines betrayal with freedom, set in a world of rural America.",4.6,"world-building, fast-paced, romantic, mystery, plot-twists"
BK0166,Through Eternal Heart,Sarah Wilson,"Science Fiction, Romance","Set against the backdrop of 1920s Paris, this Romance novel delves into family bonds while examining morality.",3.4,"philosophical, mystery, funny, dark"
BK0167,The Beyond Bright,Sofia Davis,"Mystery, Horror","Set against the backdrop of colonial America, this Mystery novel delves into justice while examining corruption.",4.1,"realistic, dramatic, political, action-packed"
BK0168,Under Lost of Mystery,Joseph Martinez & John Martinez,"Psychological Fiction, Classic, Romance","A compelling story about betrayal set in medieval Europe, exploring themes of loss and hope.",3.8,"magical, dark, realistic, inspiring, romantic"
BK0169,The Silent of Journey,Thomas Garcia & Elizabeth Brown,"Mystery, Literary Fiction","A suspenseful tale that combines family bonds with destiny, set in a world of Victorian London.",4.3,"fast-paced, magical, funny, thought-provoking, atmospheric"
BK0170,After of the Silent,David Johnson,"Historical Fiction, Thriller, Young Adult","A compelling story about hope set in medieval Europe, exploring themes of power and survival.",3.2,"action-packed, dramatic, inspiring, political"
BK0171,The A Ancient,Emma Martinez,Psychological Fiction,"A compelling story about hope set in feudal Japan, exploring themes of love and betrayal.",4.7,"world-building, inspiring, dark"
BK0172,In Forgotten Secret,John Garcia & John Lopez,"Fantasy, Contemporary Fiction, Crime","Set against the backdrop of Victorian London, this Contemporary Fiction novel delves into morality while examining morality.",3.1,"plot-twists, world-building, complex"
BK0173,The Through Silent,Richard Garcia & Maria Jones,"Dystopian, Political Fiction","A compelling story about power set in Victorian London, exploring themes of destiny and truth.",4.0,"thought-provoking, dark, political"
BK0174,The The Sacred,Sofia Wilson,"Adventure, Classic, Young Adult","In this Young Adult masterpiece, readers follow the journey of seasoned warrior as they navigate forbidden love.",3.3,"thought-provoking, dramatic, emotional"
BK0175,Under Eternal Storm,Emma Johnson & Elizabeth Thomas,"Classic, Historical Fiction, Thriller","Set against the backdrop of 1920s Paris, this Historical Fiction novel delves into redemption while examining survival.",4.5,"page-turner, dramatic, mystery"
BK0176,Beyond Eternal Gate,Anna Johnson,"Young Adult, Political Fiction","A compelling story about survival set in magical realm, exploring themes of justice and power.",3.5,"romantic, suspenseful, complex"
BK0177,The The Lost,Maria Miller,"Fantasy, Adventure, Dystopian","This Dystopian work follows gifted scientist through technological disaster, revealing deep insights about freedom.",5.0,"complex, character-driven, suspenseful, epic, inspiring"
BK0178,Beyond Lost Song,Elena Anderson,Fantasy,"In this Fantasy masterpiece, readers follow the journey of brilliant detective as they navigate ancient prophecy.",4.8,"fast-paced, plot-twists, emotional, romantic, thought-provoking"
BK0179,Beyond of the Lost,Elizabeth Smith & Sarah Anderson,"Dystopian, Horror","A gripping tale that combines love with truth, set in a world of magical realm.",4.1,"thought-provoking, realistic, epic, inspiring, historical"
BK0180,The Broken Path,Laura Gonzalez & Anna Gonzalez,"Contemporary Fiction, Young Adult","In this Contemporary Fiction masterpiece, readers follow the journey of mysterious stranger as they navigate moral dilemmas.",3.2,"complex, dark, magical"
BK0181,A Hidden Shadow,Elizabeth Davis,"Psychological Fiction, Dystopian","This Dystopian work follows complex antihero through moral dilemmas, revealing deep insights about love.",4.7,"action-packed, magical, political, fast-paced"
BK0182,After Forgotten of Storm,David Taylor,"Dystopian, Adventure, Thriller","Set against the backdrop of feudal Japan, this Dystopian novel delves into love while examining morality.",4.9,"world-building, character-driven, atmospheric"
BK0183,Through of the Hidden,Elizabeth Garcia & James Johnson,Adventure,"Set against the backdrop of 1920s Paris, this Adventure novel delves into memory while examining memory.",3.3,"thought-provoking, emotional, dramatic, world-building, funny"
BK0184,Through of the Bright,Thomas Johnson,"Romance, Science Fiction, Mystery","In this Romance masterpiece, readers follow the journey of determined protagonist as they navigate psychological trauma.",4.8,"epic, world-building, political, complex"
BK0185,Under Sacred Dream,John Taylor,Dystopian,"In this Dystopian masterpiece, readers follow the journey of young prodigy as they navigate societal expectations.",4.4,"fast-paced, mystery, world-building"
BK0186,After of the Sacred,David Davis,"Dystopian, Philosophical Fiction","A compelling story about corruption set in contemporary Tokyo, exploring themes of power and corruption.",4.2,"world-building, thought-provoking, page-turner"
BK0187,The Bright of Song,Maria Johnson & Anna Brown,"Romance, Philosophical Fiction","In this Philosophical Fiction masterpiece, readers follow the journey of mysterious stranger as they navigate personal demons.",4.3,"plot-twists, philosophical, epic"
BK0188,Through Forgotten Journey,Elizabeth Hernandez & William Smith,"Dystopian, Psychological Fiction, Contemporary Fiction","In this Psychological Fiction masterpiece, readers follow the journey of young prodigy as they navigate political intrigue.",3.8,"page-turner, romantic, thought-provoking, dark, dramatic"
BK0189,Through Lost of Mystery,Sofia Hernandez & Anna Johnson,"Adventure, Political Fiction, Science Fiction","A compelling story about memory set in dystopian future, exploring themes of family bonds and identity.",4.5,"fast-paced, atmospheric, realistic, political"
BK0190,In Sacred Path,Laura Martinez & David Gonzalez,"Historical Fiction, Classic, Young Adult","Set against the backdrop of post-apocalyptic Earth, this Young Adult novel delves into destiny while examining corruption.",3.1,"character-driven, funny, emotional"
BK0191,The After Modern,Anna Williams & Thomas Williams,Crime,"Set against the backdrop of colonial America, this Crime novel delves into destiny while examining power.",4.3,"atmospheric, magical, romantic"
BK0192,A Ancient of Voice,John Williams & David Garcia,Romance,"Set against the backdrop of magical realm, this Romance novel delves into betrayal while examining revenge.",3.8,"suspenseful, funny, fast-paced, plot-twists"
BK0193,Under of the Lost,William Thomas,"Thriller, Science Fiction, Fantasy","A heartwarming tale that combines justice with truth, set in a world of feudal Japan.",4.6,"thought-provoking, plot-twists, political, atmospheric"
BK0194,In Eternal of Shadow,John Smith & Richard Hernandez,"Historical Fiction, Adventure, Horror","In this Historical Fiction masterpiece, readers follow the journey of gifted scientist as they navigate forbidden love.",3.3,"political, realistic, funny, thought-provoking, emotional"
BK0195,Under Ancient Gate,Isabella Martinez,Historical Fiction,"In this Historical Fiction masterpiece, readers follow the journey of complex antihero as they navigate personal demons.",4.4,"complex, thought-provoking, romantic, plot-twists"
BK0196,The In Sacred,Joseph Wilson & Maria Smith,Adventure,"A romantic tale that combines truth with destiny, set in a world of ancient Rome.",4.1,"realistic, action-packed, epic"
BK0197,Under of the Dark,Sofia Hernandez & Emma Gonzalez,Thriller,"A humorous tale that combines memory with corruption, set in a world of post-apocalyptic Earth.",5.0,"thought-provoking, mystery, funny"
BK0198,After Silent of Secret,Charles Davis & Sofia Miller,"Classic, Crime","Set against the backdrop of magical realm, this Crime novel delves into redemption while examining truth.",3.9,"philosophical, suspenseful, realistic, fast-paced, action-packed"
BK0199,The of the Modern,Thomas Garcia,Fantasy,"In this Fantasy masterpiece, readers follow the journey of determined protagonist as they navigate personal demons.",5.0,"epic, emotional, dramatic, page-turner, magical"
BK0200,Through Broken of Heart,Michael Thomas & Thomas Johnson,"Classic, Literary Fiction","A romantic tale that combines redemption with betrayal, set in a world of contemporary Tokyo.",4.6,"romantic, world-building, inspiring, thought-provoking, complex"